yro-yrfrlx119;RedHat;RedHat 6.1;[u'sudo-1.8.6p3-29.el6_10.4.x86_64']
yro-yrfrlx118;RedHat;RedHat 6.1;[u'sudo-1.8.6p3-29.el6_10.4.x86_64']
yro-yrfrlx125;RedHat;RedHat 6.5;[u'sudo-1.8.6p3-29.el6_10.4.x86_64']
yro-yrfrlx126;RedHat;RedHat 6.5;[u'sudo-1.8.6p3-29.el6_10.4.x86_64']
yro-yrfrlx127;RedHat;RedHat 6.1;[u'sudo-1.8.6p3-29.el6_10.4.x86_64']
yro-yrfrlx132;RedHat;RedHat 6.5;[u'sudo-1.8.6p3-29.el6_10.4.x86_64']
yro-yrfrlx133;RedHat;RedHat 6.5;[u'sudo-1.8.6p3-29.el6_10.4.x86_64']
yro-yrfrlx134;RedHat;RedHat 6.5;[u'sudo-1.8.6p3-29.el6_10.4.x86_64']
yro-yrfrlx144;RedHat;RedHat 6.5;[u'sudo-1.8.6p3-29.el6_10.4.x86_64']
yro-yrfrlx147;RedHat;RedHat 6.5;[u'sudo-1.8.6p3-29.el6_10.4.x86_64']
yro-yrfrlx148;RedHat;RedHat 6.5;[u'sudo-1.8.6p3-29.el6_10.4.x86_64']
yro-yrfrlx152;RedHat;RedHat 6.6;[u'sudo-1.8.6p3-29.el6_10.4.x86_64']
yro-yrfrlx174;RedHat;RedHat 6.5;[u'sudo-1.8.6p3-29.el6_10.4.x86_64']
yro-yrfrlx177;RedHat;RedHat 6.6;[u'sudo-1.8.6p3-29.el6_10.4.x86_64']
yro-yrfrlx178;RedHat;RedHat 6.6;[u'sudo-1.8.6p3-29.el6_10.4.x86_64']
yro-yrfrlx179;RedHat;RedHat 6.6;[u'sudo-1.8.6p3-29.el6_10.4.x86_64']
yro-yrfrlx188;RedHat;RedHat 7.2;[u'sudo-1.8.23-10.el7_9.1.x86_64']
yro-yrfrlx193;RedHat;RedHat 7.4;[u'sudo-1.8.23-10.el7_9.1.x86_64']
yro-yrfrlx192;RedHat;RedHat 7.4;[u'sudo-1.8.23-10.el7_9.1.x86_64']
yro-yrfrlx194;RedHat;RedHat 7.4;[u'sudo-1.8.23-10.el7_9.1.x86_64']
yro-yrfrlx196;RedHat;RedHat 7.3;[u'sudo-1.8.23-10.el7_9.1.x86_64']
yro-yrfrlx197;RedHat;RedHat 7.4;[u'sudo-1.8.23-10.el7_9.1.x86_64']
yro-yrfrlx200;RedHat;RedHat 6.5;[u'sudo-1.8.6p3-29.el6_10.4.x86_64']
yro-yrfrlx198;RedHat;RedHat 7.2;[u'sudo-1.8.23-10.el7_9.1.x86_64']
yro-yrfrlx203;RedHat;RedHat 7.3;[u'sudo-1.8.23-10.el7_9.1.x86_64']
yro-yrfrlx207;RedHat;RedHat 7.2;[u'sudo-1.8.23-10.el7_9.1.x86_64']
yro-yrfrlx206;RedHat;RedHat 7.2;[u'sudo-1.8.23-10.el7_9.1.x86_64']
yro-yrfrlx212;RedHat;RedHat 7.3;[u'sudo-1.8.23-10.el7_9.1.x86_64']
yro-yrfrlx217;RedHat;RedHat 7.2;[u'sudo-1.8.23-10.el7_9.1.x86_64']
yro-yrfrlx224;RedHat;RedHat 7.4;[u'sudo-1.8.23-10.el7_9.1.x86_64']
yro-yrfrlx225;RedHat;RedHat 7.4;[u'sudo-1.8.23-10.el7_9.1.x86_64']
yro-yrfrlx226;RedHat;RedHat 7.4;[u'sudo-1.8.23-10.el7_9.1.x86_64']
yro-yrfrlx227;RedHat;RedHat 7.4;[u'sudo-1.8.23-10.el7_9.1.x86_64']
yro-yrfrlx230;RedHat;RedHat 7.2;[u'sudo-1.8.23-10.el7_9.1.x86_64']
yro-yrfrlx234;RedHat;RedHat 7.3;[u'sudo-1.8.23-10.el7_9.1.x86_64']
yro-yrfrlx236;RedHat;RedHat 7.3;[u'sudo-1.8.23-10.el7_9.1.x86_64']
yro-yrfrlx235;RedHat;RedHat 7.3;[u'sudo-1.8.23-10.el7_9.1.x86_64']
yro-yrfrlx237;RedHat;RedHat 7.3;[u'sudo-1.8.23-10.el7_9.1.x86_64']
yro-yrfrlx245;RedHat;RedHat 7.3;[u'sudo-1.8.23-10.el7_9.1.x86_64']
yro-yrfrlx239;RedHat;RedHat 7.3;[u'sudo-1.8.23-10.el7_9.1.x86_64']
yro-yrfrlx260;RedHat;RedHat 7.6;[u'sudo-1.8.23-10.el7_9.1.x86_64']
yro-yrfrlx262;RedHat;RedHat 7.6;[u'sudo-1.8.23-10.el7_9.1.x86_64']
yro-yrfrlx263;RedHat;RedHat 7.6;[u'sudo-1.8.23-10.el7_9.1.x86_64']
yro-yrfrlx264;RedHat;RedHat 7.6;[u'sudo-1.8.23-10.el7_9.1.x86_64']
yro-yrfrlx556;RedHat;RedHat 7.4;[u'sudo-1.8.23-10.el7_9.1.x86_64']
yro-yrfrlx902;RedHat;RedHat 7.3;[u'sudo-1.8.23-10.el7_9.1.x86_64']
yrru-yrrupras05;RedHat;RedHat 6.7;[u'sudo-1.8.6p3-29.el6_10.4.x86_64']
yrru-yrrupras07;RedHat;RedHat 6.6;[u'sudo-1.8.6p3-29.el6_10.4.x86_64']
yrru-yrruprdb51;RedHat;RedHat 6.7;[u'sudo-1.8.6p3-29.el6_10.4.x86_64']
